id,group,name,gender,email,score
1,A,Wright Hastilow,Non-binary,whastilow0@vimeo.com,99
2,A,Felicia Casino,Female,fcasino1@usda.gov,62
3,A,Lazare Record,Male,lrecord2@oakley.com,56
4,D,Danna Arnout,Female,darnout3@drupal.org,13
5,C,Stacy Curwen,Female,scurwen4@wikia.com,50
6,C,Katine Binnion,Female,kbinnion5@paginegialle.it,3
7,D,Carlynne Mercey,Female,cmercey6@goo.ne.jp,72
8,D,Hermy Nelsen,Male,hnelsen7@trellian.com,42
9,C,Pietrek Spellessy,Male,pspellessy8@parallels.com,86
10,C,Marcel Huton,Male,mhuton9@vk.com,96
11,C,Salomone Bugdale,Male,sbugdalea@netvibes.com,15
12,B,Alvinia Daykin,Female,adaykinb@pinterest.com,91
13,C,Tadio Southerden,Male,tsoutherdenc@addthis.com,63
14,C,Bren Jameson,Male,bjamesond@homestead.com,76
15,B,Debora Easterling,,deasterlinge@sogou.com,62
16,C,Margot Soall,Female,msoallf@si.edu,66
17,A,Duncan Abbes,Male,dabbesg@histats.com,37
18,B,Jeramie Hoston,Male,jhostonh@exblog.jp,42
19,D,Steve Mc Giffin,Male,smci@army.mil,70
20,C,Marcel Antonognoli,Male,mantonognolij@hhs.gov,50
21,C,Ludvig Hartle,Male,lhartlek@sciencedirect.com,24
22,C,Andee Carefull,Polygender,acarefulll@t-online.de,12
23,D,Jose Polin,Male,jpolinm@networksolutions.com,25
24,,Sinclare McLese,Male,smclesen@mysql.com,13
25,B,Shelley Purchon,Male,spurchono@google.de,45
26,C,Darryl Eskell,Male,deskellp@linkedin.com,63
27,A,Kaycee Shemmin,Female,kshemminq@fda.gov,66
28,B,Tiffany Gilbertson,Female,tgilbertsonr@weebly.com,77
29,A,Tabitha Eckels,Female,teckelss@sun.com,47
30,C,Shawn Meynell,Male,smeynellt@google.de,50
31,A,Delaney Mityushin,Male,dmityushinu@wisc.edu,45
32,D,Dorthy Tomashov,Female,dtomashovv@baidu.com,4
33,B,Cosmo Ginley,Male,cginleyw@omniture.com,44
34,,Myrwyn Port,Male,mportx@redcross.org,24
35,,Nelson Antrobus,Polygender,nantrobusy@tamu.edu,6
36,A,Maddi Trubshaw,Female,mtrubshawz@cisco.com,61
37,D,Timothee Skill,Male,tskill10@seattletimes.com,50
38,D,Ginelle Ulrik,Female,gulrik11@stanford.edu,31
39,D,John Acaster,Male,jacaster12@flickr.com,68
40,D,Waly Stoltz,Female,wstoltz13@opensource.org,44
41,A,Denna Spargo,Polygender,dspargo14@blog.com,94
42,,Fannie McCunn,Female,fmccunn15@washington.edu,81
43,B,Christen Baudoux,Female,cbaudoux16@1und1.de,4
44,A,Erick Bailles,Male,ebailles17@joomla.org,84
45,,Zacharia Callis,Male,zcallis18@dagondesign.com,34
46,C,Garland Bremmell,Female,gbremmell19@liveinternet.ru,60
47,C,Sheri Korbmaker,Female,skorbmaker1a@webeden.co.uk,56
48,A,Myrtle Mathews,,mmathews1b@pen.io,95
49,B,Mick Evreux,Male,mevreux1c@alexa.com,
50,D,Leyla Vigar,Female,lvigar1d@spiegel.de,43
51,D,Marilin Pepi,Female,mpepi1e@arizona.edu,31
52,C,Shermy Perks,Genderqueer,sperks1f@blogtalkradio.com,41
53,B,Dall Blondin,Male,dblondin1g@delicious.com,84
54,B,Yorke Henfre,Male,yhenfre1h@hatena.ne.jp,66
55,A,Vince Fridaye,Male,vfridaye1i@stanford.edu,49
56,D,Eileen Wackett,Genderqueer,ewackett1j@state.tx.us,100
57,D,Caterina Dundon,,cdundon1k@taobao.com,27
58,C,Ring Bagehot,Male,rbagehot1l@cocolog-nifty.com,65
59,C,Mylo Biers,Male,mbiers1m@kickstarter.com,90
60,C,Wandie Piggin,Female,wpiggin1n@auda.org.au,58
61,C,Dominick Pervew,Male,dpervew1o@patch.com,7
62,D,Ofelia Taylder,Female,otaylder1p@dailymail.co.uk,48
63,A,Dominick Scopham,Male,dscopham1q@bravesites.com,62
64,D,Nilson Morena,Male,nmorena1r@stanford.edu,80
65,D,Hussein Clines,Male,hclines1s@theglobeandmail.com,66
66,C,Aubrette Buckbee,Female,abuckbee1t@domainmarket.com,86
67,D,Abdul Gloy,Genderfluid,agloy1u@ning.com,39
68,C,Kennett Blakesley,Male,kblakesley1v@symantec.com,
69,B,Federica Michel,Female,fmichel1w@usa.gov,51
70,D,Alyce Bispo,Female,abispo1x@stanford.edu,62
71,D,Emeline Stiller,Female,estiller1y@globo.com,45
72,B,Neal Pead,Male,npead1z@addthis.com,32
73,D,Iormina Lapworth,Female,ilapworth20@cisco.com,4
74,D,Inness Turnpenny,Male,iturnpenny21@house.gov,56
75,A,Jody Sterrick,Male,jsterrick22@ow.ly,95
76,D,Jobie Ronan,Female,jronan23@state.tx.us,28
77,A,Urson Anthoin,Male,uanthoin24@vk.com,49
78,D,Daisi Dobney,Genderfluid,ddobney25@microsoft.com,34
79,B,Laurette Rainger,Female,lrainger26@marriott.com,2
80,D,Deck Yoslowitz,Male,dyoslowitz27@slate.com,85
81,A,Lauretta Shyram,Female,lshyram28@oaic.gov.au,63
82,D,Gav Covotto,Male,gcovotto29@scribd.com,26
83,,Marcello Kubasiewicz,Male,mkubasiewicz2a@yahoo.co.jp,86
84,B,Lucilia Tims,Female,ltims2b@theglobeandmail.com,16
85,A,Blondie Gilchrest,Female,bgilchrest2c@so-net.ne.jp,31
86,A,Ulla Greatreax,Female,ugreatreax2d@usnews.com,83
87,C,Michell Wohler,Female,mwohler2e@free.fr,77
88,B,Randolph Thurley,,rthurley2f@surveymonkey.com,78
89,C,Esdras Creamer,Male,ecreamer2g@hibu.com,47
90,C,Millisent Hasard,Female,mhasard2h@mtv.com,51
91,D,Pierrette Youtead,Female,pyoutead2i@ameblo.jp,60
92,D,Mata Aidler,Male,maidler2j@skype.com,44
93,D,Saw Barson,Non-binary,sbarson2k@exblog.jp,39
94,B,Sigismondo Tawton,Male,stawton2l@weibo.com,17
95,A,Rakel Wallace,Female,rwallace2m@hibu.com,52
96,B,Evvy Bernadot,Female,ebernadot2n@webs.com,22
97,C,Aron Le Marchand,Male,ale2o@scribd.com,43
98,D,Bronnie Arlott,Agender,barlott2p@independent.co.uk,73
99,C,Hermy Thursby,Genderqueer,hthursby2q@fda.gov,
100,B,Muffin Passfield,,mpassfield2r@boston.com,62
101,C,Cornie Duckinfield,Non-binary,cduckinfield2s@statcounter.com,91
102,A,Elisabeth Bowcock,Polygender,ebowcock2t@geocities.com,41
103,B,Auguste Philpault,Female,aphilpault2u@arstechnica.com,
104,,Addy Parratt,Male,aparratt2v@usatoday.com,39
105,D,Anna-maria Bohea,Bigender,abohea2w@dion.ne.jp,63
106,A,Rivi MacIlriach,Bigender,rmacilriach2x@blog.com,61
107,D,Liesa Dayley,Female,ldayley2y@wix.com,2
108,D,Dominica Mowat,Female,dmowat2z@sina.com.cn,80
109,C,Jan Jedrzejewicz,Female,jjedrzejewicz30@ehow.com,28
110,B,Bethanne Minchell,Female,bminchell31@rakuten.co.jp,66
111,,Lodovico Gennrich,Male,lgennrich32@so-net.ne.jp,9
112,B,Edita Harrie,Female,eharrie33@washington.edu,77
113,A,Malchy Norvell,Male,mnorvell34@businessweek.com,79
114,A,Owen Ladbrook,Male,oladbrook35@mlb.com,74
115,D,Gusta Panner,Female,gpanner36@earthlink.net,63
116,A,Gabrielle Chastenet,Female,gchastenet37@google.co.uk,25
117,A,Burnaby Narraway,,bnarraway38@pbs.org,46
118,D,Theo Auld,Male,tauld39@oakley.com,
119,,Filberto Trehearne,Male,ftrehearne3a@ebay.com,93
120,C,August Romain,Male,aromain3b@noaa.gov,89
121,B,Thomas Renvoise,Male,trenvoise3c@microsoft.com,95
122,B,Ag Inseal,Female,ainseal3d@netvibes.com,47
123,A,Dede Cardozo,Female,dcardozo3e@yahoo.com,2
124,A,Hoyt Gadsden,Genderqueer,hgadsden3f@about.com,23
125,D,Gardy Pochin,Male,gpochin3g@wiley.com,61
126,,Eduardo Dacey,Genderfluid,edacey3h@go.com,4
127,C,Abba Godfroy,Male,agodfroy3i@e-recht24.de,2
128,B,Damita Carlet,Female,dcarlet3j@multiply.com,30
129,B,Ulrich Ratledge,Male,uratledge3k@smugmug.com,68
130,D,Danita Stockell,Female,dstockell3l@rakuten.co.jp,80
131,C,Helsa Gahagan,Female,hgahagan3m@virginia.edu,85
132,B,Chrissie Cordy,Female,ccordy3n@umich.edu,5
133,A,Matty Vauls,Male,mvauls3o@oaic.gov.au,7
134,C,Forster Rickwood,Male,frickwood3p@ovh.net,58
135,C,Alys Balding,,abalding3q@smugmug.com,88
136,B,Constantin Balaam,Male,cbalaam3r@senate.gov,59
137,A,Corrine Hamnett,Female,chamnett3s@umn.edu,93
138,A,Ali Petschel,Female,apetschel3t@pinterest.com,93
139,C,Kathy Martijn,Female,kmartijn3u@zdnet.com,56
140,D,Lishe McBeth,Female,lmcbeth3v@toplist.cz,68
141,B,Merwyn Mandeville,Male,mmandeville3w@wix.com,22
142,D,Eustacia Yurevich,Female,eyurevich3x@clickbank.net,72
143,D,Maxim Muttock,Male,mmuttock3y@joomla.org,29
144,B,Sauveur Maureen,Male,smaureen3z@creativecommons.org,89
145,C,Janaya Wager,Bigender,jwager40@java.com,66
146,D,Gale Kennaird,,gkennaird41@usatoday.com,11
147,B,Prudy Roome,Female,proome42@exblog.jp,8
148,B,Franciskus Akaster,Male,fakaster43@hubpages.com,42
149,C,Mickey Snellman,Male,msnellman44@ca.gov,72
150,C,Oby Duddell,Male,oduddell45@bigcartel.com,38
151,B,Genovera Parram,Female,gparram46@usatoday.com,6
152,A,Standford Cuvley,Male,scuvley47@imageshack.us,53
153,,Giordano Ambler,Male,gambler48@altervista.org,87
154,B,Burt MacGille,Male,bmacgille49@gizmodo.com,91
155,A,Waite Upshall,Male,wupshall4a@istockphoto.com,69
156,C,Fee Corton,Male,fcorton4b@linkedin.com,76
157,C,Leontyne Greatbanks,,lgreatbanks4c@parallels.com,29
158,B,Theobald Presho,Male,tpresho4d@newsvine.com,68
159,D,Filip Palser,,fpalser4e@alibaba.com,49
160,D,Gery Reder,Male,greder4f@washington.edu,
161,B,Galvin Conford,Male,gconford4g@tumblr.com,50
162,C,Faulkner Petegrew,Male,fpetegrew4h@yahoo.com,11
163,D,Latisha Bentall,Female,lbentall4i@samsung.com,58
164,D,Marcile Hassen,Female,mhassen4j@free.fr,54
165,A,Winni Skain,Female,wskain4k@scientificamerican.com,49
166,D,Martin Strivens,Male,mstrivens4l@quantcast.com,41
167,C,Aidan Jobes,Female,ajobes4m@miitbeian.gov.cn,
168,A,Tristan Penddreth,Male,tpenddreth4n@weibo.com,55
169,B,Dyan Sewter,Female,dsewter4o@sohu.com,
170,D,Hamilton McArd,Male,hmcard4p@cbslocal.com,72
171,C,Bonni Borzone,Non-binary,bborzone4q@sfgate.com,39
172,B,Tomasine Gallgher,Female,tgallgher4r@va.gov,63
173,A,Agata Espinheira,Non-binary,aespinheira4s@tripod.com,82
174,D,Elfrieda Tavernor,Female,etavernor4t@washington.edu,64
175,A,Thornton Reames,Male,treames4u@google.com.au,67
176,C,Billi Carillo,Female,bcarillo4v@guardian.co.uk,5
177,A,Bennie Bayle,Female,bbayle4w@sciencedaily.com,11
178,C,Corty Birkinshaw,Male,cbirkinshaw4x@meetup.com,46
179,D,Constancia Losemann,Female,closemann4y@mediafire.com,23
180,A,Brod Booi,Male,bbooi4z@pinterest.com,58
181,B,Ekaterina Starie,Female,estarie50@parallels.com,28
182,A,Cornelius Biswell,Male,cbiswell51@dyndns.org,13
183,A,Juline McSherry,Female,jmcsherry52@geocities.com,66
184,C,Joscelin Luckey,Female,jluckey53@bloglovin.com,3
185,A,Jenifer Jose,Female,jjose54@is.gd,12
186,D,Mable Gebhardt,Female,mgebhardt55@icq.com,95
187,D,Lazare Tiddeman,Male,ltiddeman56@accuweather.com,61
188,A,Norrie Frude,Female,nfrude57@cpanel.net,36
189,A,Ernaline Grunder,Female,egrunder58@paypal.com,48
190,A,Dare Stannus,Male,dstannus59@flavors.me,56
191,D,Dav Perutto,Male,dperutto5a@meetup.com,9
192,A,Grant Dibbs,Male,gdibbs5b@google.co.jp,17
193,C,Sabrina Hearnah,Female,shearnah5c@bluehost.com,84
194,A,Aldrich GiacobbiniJacob,Male,agiacobbinijacob5d@baidu.com,17
195,B,Merell Fontelles,Male,mfontelles5e@woothemes.com,67
196,B,Mikey Twyning,Male,mtwyning5f@skyrock.com,20
197,D,Justus Everard,Male,jeverard5g@yandex.ru,50
198,C,Timothee Iacabucci,Male,tiacabucci5h@ucoz.com,27
199,A,Hewett Facer,Polygender,hfacer5i@friendfeed.com,56
200,,Jessa Glanister,Female,jglanister5j@netvibes.com,20
